[
  {
    "id": "f3562d2f-b2d8-4cf0-a0cb-d8570cea765c",
    "data": [
      {
        "text": "Show me my recurring payments",
        "userDefined": false
      }
    ],
    "isTemplate": false,
    "count": 0,
    "updated": 0
  },
  {
    "id": "bea75b35-dd8c-4dd7-ad00-504d4ae00071",
    "data": [
      {
        "text": "Show me my recurring ",
        "userDefined": false
      },
      {
        "text": "bills",
        "meta": "@sys.ignore",
        "userDefined": false
      }
    ],
    "isTemplate": false,
    "count": 0,
    "updated": 0
  },
  {
    "id": "fc3012b5-ee45-4676-bc7e-fb49f90ae2ec",
    "data": [
      {
        "text": "Do I have any bills I need to pay?",
        "userDefined": false
      }
    ],
    "isTemplate": false,
    "count": 0,
    "updated": 0
  },
  {
    "id": "e555ab8a-d351-4a3d-871d-0200cb50e7f7",
    "data": [
      {
        "text": "What are my upcoming bills?",
        "userDefined": false
      }
    ],
    "isTemplate": false,
    "count": 0,
    "updated": 0
  }
]