[
  {
    "id": "48f45bce-3b59-42c9-a340-be7011197f5a",
    "data": [
      {
        "text": "show me the bills that are ",
        "userDefined": false
      },
      {
        "text": "rejected",
        "alias": "type",
        "meta": "@bill_types",
        "userDefined": false
      }
    ],
    "isTemplate": false,
    "count": 0,
    "updated": 0
  },
  {
    "id": "7566121c-4136-4d94-892e-d1a963835b08",
    "data": [
      {
        "text": "show me the bills that are currently in ",
        "userDefined": false
      },
      {
        "text": "approving",
        "alias": "type",
        "meta": "@bill_types",
        "userDefined": false
      }
    ],
    "isTemplate": false,
    "count": 0,
    "updated": 0
  },
  {
    "id": "1eedf2be-18cd-4103-ac84-63e7ebfd45fd",
    "data": [
      {
        "text": "show me ",
        "userDefined": false
      },
      {
        "text": "all",
        "alias": "type",
        "meta": "@bill_types",
        "userDefined": true
      },
      {
        "text": " bills",
        "userDefined": false
      }
    ],
    "isTemplate": false,
    "count": 0,
    "updated": 0
  },
  {
    "id": "fe07dcdb-919d-485b-9bd0-c7bbfa9e633c",
    "data": [
      {
        "text": "show me my ",
        "userDefined": false
      },
      {
        "text": "denied",
        "alias": "type",
        "meta": "@bill_types",
        "userDefined": false
      },
      {
        "text": " bills",
        "userDefined": false
      }
    ],
    "isTemplate": false,
    "count": 0,
    "updated": 0
  },
  {
    "id": "79c06c1b-86a5-4a5f-a216-d465c59c7e4a",
    "data": [
      {
        "text": "show me my ",
        "userDefined": false
      },
      {
        "text": "unassigned",
        "alias": "type",
        "meta": "@bill_types",
        "userDefined": false
      },
      {
        "text": " bills",
        "userDefined": false
      }
    ],
    "isTemplate": false,
    "count": 0,
    "updated": 0
  },
  {
    "id": "68d112bb-0946-4c07-8490-0e243cc523a1",
    "data": [
      {
        "text": "show me my ",
        "userDefined": false
      },
      {
        "text": "assigned",
        "alias": "type",
        "meta": "@bill_types",
        "userDefined": false
      },
      {
        "text": " bills",
        "userDefined": false
      }
    ],
    "isTemplate": false,
    "count": 0,
    "updated": 0
  }
]