[
  {
    "id": "bd6ba9eb-c4f3-4d3e-8bdd-dbd32d330ae0",
    "data": [
      {
        "text": "What are my ",
        "userDefined": false
      },
      {
        "text": "open",
        "alias": "invoice_types",
        "meta": "@invoice_types",
        "userDefined": false
      },
      {
        "text": " invoices",
        "userDefined": false
      }
    ],
    "isTemplate": false,
    "count": 0,
    "updated": 0
  },
  {
    "id": "38e9fae4-0deb-4f48-858d-35b65f888ddf",
    "data": [
      {
        "text": "Display invoices",
        "userDefined": false
      }
    ],
    "isTemplate": false,
    "count": 0,
    "updated": 0
  },
  {
    "id": "717d557b-82e9-42f8-9a05-63988d223bdb",
    "data": [
      {
        "text": "What are my  current invoices",
        "userDefined": false
      }
    ],
    "isTemplate": false,
    "count": 0,
    "updated": 0
  },
  {
    "id": "36d69c4b-f1ff-4112-820c-0adf50fb3572",
    "data": [
      {
        "text": "Show me my invoices",
        "userDefined": false
      }
    ],
    "isTemplate": false,
    "count": 0,
    "updated": 0
  }
]