[
  {
    "id": "5399354d-5987-4d26-bae6-e0ec1c3542fc",
    "data": [
      {
        "text": "updates for vendor invites",
        "userDefined": false
      }
    ],
    "isTemplate": false,
    "count": 0,
    "updated": 0
  },
  {
    "id": "15d2f465-4920-42f9-ab2c-af582a0afb7b",
    "data": [
      {
        "text": "what are my vendor invites",
        "userDefined": false
      }
    ],
    "isTemplate": false,
    "count": 0,
    "updated": 0
  },
  {
    "id": "bda4ad9f-94a1-4a18-9a7d-e388642711f5",
    "data": [
      {
        "text": "list vendor invites",
        "userDefined": false
      }
    ],
    "isTemplate": false,
    "count": 0,
    "updated": 0
  },
  {
    "id": "7f8acacb-6fe5-4da6-825f-4392936e79cd",
    "data": [
      {
        "text": "tell me about vendor invites",
        "userDefined": false
      }
    ],
    "isTemplate": false,
    "count": 0,
    "updated": 0
  }
]