[
  {
    "id": "2eafc486-4c43-4c3e-abf1-72bd2a41c189",
    "data": [
      {
        "text": "sign in to ",
        "userDefined": false
      },
      {
        "text": "bill.com",
        "alias": "url",
        "meta": "@sys.url",
        "userDefined": false
      }
    ],
    "isTemplate": false,
    "count": 0,
    "updated": 0
  },
  {
    "id": "32a637d4-a373-43c5-b82e-abdd6d0c1580",
    "data": [
      {
        "text": "sign me in",
        "userDefined": false
      }
    ],
    "isTemplate": false,
    "count": 0,
    "updated": 0
  },
  {
    "id": "c7f980e0-ee5d-4282-806b-1d46c164e6c1",
    "data": [
      {
        "text": "log me in",
        "userDefined": false
      }
    ],
    "isTemplate": false,
    "count": 0,
    "updated": 0
  },
  {
    "id": "0fc15533-0f97-46e8-a935-23bba2bc13f1",
    "data": [
      {
        "text": "login to ",
        "userDefined": false
      },
      {
        "text": "bill.com",
        "alias": "url",
        "meta": "@sys.url",
        "userDefined": false
      }
    ],
    "isTemplate": false,
    "count": 0,
    "updated": 0
  },
  {
    "id": "bfe820cf-11fb-4371-875c-9e3bab83f704",
    "data": [
      {
        "text": "login",
        "userDefined": false
      }
    ],
    "isTemplate": false,
    "count": 0,
    "updated": 0
  }
]