[
  {
    "id": "b4e0451a-f299-45c6-afa9-365bcb1e1885",
    "data": [
      {
        "text": "You look great!",
        "userDefined": false
      }
    ],
    "isTemplate": false,
    "count": 0,
    "updated": 0
  },
  {
    "id": "526176ef-aa2c-4e71-a4c0-2554b33dd811",
    "data": [
      {
        "text": "I think I could marry you",
        "userDefined": false
      }
    ],
    "isTemplate": false,
    "count": 0,
    "updated": 0
  },
  {
    "id": "40b5528c-f664-4ac6-84dc-15b6e45f71b7",
    "data": [
      {
        "text": "You are the best thing to happen to me",
        "userDefined": false
      }
    ],
    "isTemplate": false,
    "count": 0,
    "updated": 0
  },
  {
    "id": "c5cc64cc-038f-4b73-b8cd-10dd1fadf138",
    "data": [
      {
        "text": "I think you are amazing",
        "userDefined": false
      }
    ],
    "isTemplate": false,
    "count": 0,
    "updated": 0
  },
  {
    "id": "ab5294d1-7724-45fa-bbb8-b89257f0413a",
    "data": [
      {
        "text": "I love you",
        "userDefined": false
      }
    ],
    "isTemplate": false,
    "count": 0,
    "updated": 0
  },
  {
    "id": "00a6be47-f06b-43e7-8ac6-dd90f6d0d2a4",
    "data": [
      {
        "text": "You are cute",
        "userDefined": false
      }
    ],
    "isTemplate": false,
    "count": 0,
    "updated": 0
  }
]