[
  {
    "id": "6d2c2562-40a4-4bb5-bfd6-56570eb7e898",
    "data": [
      {
        "text": "make a payment",
        "userDefined": false
      }
    ],
    "isTemplate": false,
    "count": 0,
    "updated": 0
  },
  {
    "id": "57687569-a1c6-4d08-a40c-c93623e92d86",
    "data": [
      {
        "text": "Where can I see more details?",
        "userDefined": false
      }
    ],
    "isTemplate": false,
    "count": 0,
    "updated": 0
  },
  {
    "id": "346a0aba-1ca1-4d3b-b4db-dff7e227ecd7",
    "data": [
      {
        "text": "Show me more details",
        "userDefined": false
      }
    ],
    "isTemplate": false,
    "count": 0,
    "updated": 0
  },
  {
    "id": "78853165-bc8d-48b5-8cc0-b75cfae70940",
    "data": [
      {
        "text": "Pay a ",
        "userDefined": false
      },
      {
        "text": "bill",
        "meta": "@sys.ignore",
        "userDefined": false
      }
    ],
    "isTemplate": false,
    "count": 0,
    "updated": 0
  }
]