[
  {
    "id": "37aa0b76-4037-4ee6-b9f0-a8fbe92ad315",
    "data": [
      {
        "text": "suggestions card",
        "userDefined": false
      }
    ],
    "isTemplate": false,
    "count": 0,
    "updated": 0
  },
  {
    "id": "964b2b41-eaf3-4ded-912e-5b10682a11ac",
    "data": [
      {
        "text": "suggestions",
        "userDefined": false
      }
    ],
    "isTemplate": false,
    "count": 0,
    "updated": 0
  },
  {
    "id": "aff41dd7-6f1c-44b5-b694-b9fdbf18ef44",
    "data": [
      {
        "text": "suggestion",
        "userDefined": false
      }
    ],
    "isTemplate": false,
    "count": 0,
    "updated": 0
  },
  {
    "id": "8556a591-9aa2-4b6a-90db-ae6dd86d8f6f",
    "data": [
      {
        "text": "suggestion chips",
        "userDefined": false
      }
    ],
    "isTemplate": false,
    "count": 0,
    "updated": 0
  }
]