[
  {
    "value": "unassigned",
    "synonyms": [
      "unassigned",
      "unknown"
    ]
  },
  {
    "value": "assigned",
    "synonyms": [
      "assigned"
    ]
  },
  {
    "value": "approving",
    "synonyms": [
      "approving",
      "in progress"
    ]
  },
  {
    "value": "approved",
    "synonyms": [
      "approved"
    ]
  },
  {
    "value": "denied",
    "synonyms": [
      "denied",
      "rejected"
    ]
  },
  {
    "value": "all",
    "synonyms": [
      "all"
    ]
  }
]